page,2453132
school,2287905
city,2003507
june,1942354
war,1523063
work,1473907
south,1426065
well,1352539
book,1281953
music,1277234
high,1234257
north,1203432
house,1132859
four,1074335
small,1046981
end,1001408
church,981137
club,978613
home,962889
back,961483
line,901771
town,892392
band,872030
river,860204
station,844973
building,811104
best,804358
top,800288
set,772120
army,768922
park,757292
file,752187
research,732608
large,726092
road,700946
third,695377
center,688196
air,673752
council,672107
magazine,668124
king,650143
street,648211
cup,642296
black,640198
son,639995
business,639799
country,639671
english,639643
office,636497
department,635212
links,633111
water,618725
father,616487
french,607466
land,587766
tv,580374
australia,570715
man,568610
head,550884
village,550329
island,540373
force,536987
red,521939
board,521688
radio,508180
director,502266
museum,501367
hall,495523
post,492279
player,482432
control,478945
america,475795
television,473596
story,470545
match,460710
little,459327
police,451627
full,448619
living,440650
green,424879
study,418697
lead,417326
star,416948
current,415414
big,405704
publisher,404943
training,399464
library,398174
love,393273
mother,390406
space,388262
body,382127
lake,376317
fire,376291
night,373330
light,369132
europe,366941
rock,365562
china,364761
front,364435
daughter,359674
grand,349040
track,348938
car,343082
coach,341048
blue,337923
private,337500
brother,336505
middle,335503
range,335083
bank,334599
model,333514
sea,331494
stage,330128
bridge,325590
gold,325061
author,320030
foundation,316395
roman,313956
edition,309402
africa,308934
coast,308438
chinese,305588
japanese,305585
outside,304335
hospital,302390
editor,296365
basketball,295109
brown,294223
bay,292708
lower,291408
ship,290893
square,288642
child,287869
bill,284477
names,282332
parts,281354
channel,280582
governor,271903
woman,270740
newspaper,268039
van,267594
professor,266578
baseball,263981
cover,255619
movie,254747
master,251654
running,251642
stone,247499
cricket,243523
room,241012
meeting,240352
studio,239909
hand,239089
stadium,238537
engine,237130
novel,237045
manager,234675
key,230098
reference,229157
queen,226691
forest,226618
computer,223253
train,220566
feature,217195
port,215410
guide,215031
morning,214796
jersey,214555
oxford,214175
prince,212901
castle,211059
airport,210234
temple,209285
face,208824
earth,208506
heart,207979
block,207443
wall,204138
seat,203192
oil,202966
sister,201938
bishop,201786
sun,201604
cast,199780
upper,198853
paper,198608
actor,196738
spring,196199
ice,194567
hotel,194447
branch,192004
letter,188692
tower,188467
beach,185026
map,181899
silver,181834
creek,181489
moving,180989
mayor,180591
entertainment,178351
box,176217
singer,175541
estate,174534
horse,172205
girl,172148
table,171709
hot,170934
opera,170603
rail,170565
store,170317
judge,170090
host,169377
hard,168874
racing,168776
wing,167862
jack,165639
asia,165121
doctor,164310
avenue,162018
dutch,160564
farm,159896
tom,158821
prison,158689
blood,157620
gas,157533
metal,156522
ball,155996
wood,155435
crew,154417
boy,153525
bar,153425
bus,152681
rose,152234
machine,151135
etc,149043
fish,148352
floor,147628
encyclopedia,147277
tree,147216
iron,147041
garden,146964
electric,146664
label,146560
picture,146243
nuclear,144547
concert,144487
platform,144240
gallery,144228
gun,142151
fox,141785
hope,139021
theater,138034
teacher,138029
athletic,137700
guitar,136761
principal,136345
cemetery,135163
storm,134383
painting,133776
tennis,131611
evening,130094
contact,130019
combat,129737
feet,128904
crown,128579
flag,126324
plants,126315
steel,125791
ring,125323
dictionary,125198
card,124704
stock,123359
representative,122727
brand,121659
ocean,120551
bell,119405
criminal,119355
orchestra,118191
agent,117929
stand,117510
guest,116330
mobile,116191
tropical,116148
orange,114461
factory,114121
actress,114049
comic,113096
pilot,112679
boat,112451
glass,112418
wind,110962
musician,110874
cathedral,110652
weather,110458
bronze,109321
bird,108912
churches,108219
watch,108186
escape,107959
architect,107901
canal,107492
eye,106875
chapel,106541
entrance,106231
spirit,104245
cape,103211
mine,102396
rear,101224
attorney,99695
step,99254
dog,98897
engineer,97668
politician,97292
cabinet,97258
piano,96663
roof,95830
bass,95485
golf,94492
foot,93993
brain,92898
extra,92732
chair,91963
fighter,91562
turkey,91370
magic,91242
moon,91098
door,91071
shop,90314
baby,88363
window,87867
circle,87819
underground,87526
sky,87143
chain,87006
metro,85632
tank,84822
hurricane,84807
wine,84596
easy,84322
fan,84271
swimming,84072
ottoman,83199
bear,82827
restaurant,81567
poet,81261
composer,81035
cinema,80933
camera,80902
knight,80580
priest,80322
storage,80292
princess,80194
reporter,79982
salt,79878
senator,79524
acid,79514
broad,78984
plane,78201
gate,77593
frame,77504
leg,77067
terminal,77027
column,76098
advice,75469
satellite,75351
rice,74892
uncle,74352
fishing,74222
snow,73617
drawing,72659
shore,72475
roll,72235
wooden,72129
appointment,70708
concrete,70643
hair,70380
abbey,70338
skin,69793
apple,69623
drop,69616
franklin,69359
brick,69353
crash,68938
makeup,68486
arm,68448
bomb,68298
basin,67483
lawyer,67323
fly,66915
plate,66592
baker,66545
carbon,66198
monastery,66024
stream,65438
shell,65345
cash,65260
eagle,65235
rain,65105
suit,64340
ride,64266
cat,63934
sugar,63658
beauty,63596
wear,63457
designer,63350
mouth,63189
net,62957
soldier,62574
sculpture,62387
fruit,61898
outer,61813
carrier,61519
string,61449
riding,61323
harbor,61272
derby,60125
buffalo,59780
seed,59680
rifle,59463
editorial,59184
dragon,59125
mirror,58879
cave,58597
pioneer,58004
painter,57927
oak,57690
villa,57605
shopping,57467
mall,57404
patrol,57213
angle,57130
diamond,56846
tie,56553
coat,56435
yard,56224
throne,55839
pan,55821
wheel,55470
phoenix,55244
locomotive,55116
cap,55054
apartment,54906
grandfather,54418
missile,54360
uniform,54185
belt,54149
shift,54043
bull,53981
flood,53592
tail,53365
truck,53288
manor,53285
log,52544
cotton,52488
persian,52223
wolf,52051
cattle,51994
locally,51918
sand,51781
shield,51478
ticket,50590
copper,50563
den,50475
alaska,50461
bed,50263
coffee,50192
submarine,50134
tube,50098
sweet,49918
lion,49460
root,49138
hip,49024
switch,48980
seal,48861
bone,48690
wire,48439
telephone,48400
parade,48195
mercury,48090
clock,47856
tea,47492
ghost,47161
meat,46822
beer,46514
hell,46004
neck,45571
rocky,45483
dress,45298
workshop,45243
milk,45093
drum,44985
ski,44923
rabbi,44844
palm,44827
flower,44672
sword,44464
lap,44457
cloud,44383
pearl,44279
bobby,44185
plastic,44091
handle,44077
wellington,44059
mosque,43994
tiger,43894
leaf,43525
flash,43233
mansion,43063
pine,42816
paint,42712
soap,42680
freight,42104
kitchen,42036
deck,41959
fortress,41892
ladies,41375
waves,41165
obituary,41119
stem,41072
farmer,41042
heaven,40756
suburb,40702
inn,40691
gale,40619
bowling,40303
tape,40215
bench,40135
bath,39875
expanding,39767
physician,39725
photographer,39719
monster,39666
clerk,39608
ruler,39387
drink,39082
arch,38058
muscle,37905
motorcycle,37610
lighting,37388
hammer,36992
athlete,36798
circulation,36385
dinner,36369
pack,36333
hat,36211
kid,36051
tissue,36024
atomic,35973
bat,35967
horn,35954
button,35826
poster,35701
fluid,35590
cannon,35571
zoo,35551
sheep,35196
knee,34930
ram,34654
furniture,34551
lock,34511
teeth,34459
wet,34342
ranch,34215
mouse,34026
sock,33921
hood,33870
detective,33810
breast,33748
conductor,33692
egg,33448
motors,33325
stretch,33119
pastor,33049
shrine,33046
bow,33016
trailer,32884
supporter,32854
pipe,32628
cartoon,32583
teen,32545
shoulder,32375
casino,32107
brook,32044
bomber,31996
corridor,31990
marsh,31957
cyprus,31899
violin,31799
desk,31657
deer,31458
clothes,31356
pond,31355
triangle,30938
snake,30908
duck,30728
pen,30560
subway,30548
cabin,30441
cliff,29948
destroyer,29923
nurse,29795
shed,29695
lightning,29660
blade,29572
platinum,29559
fake,29519
basement,29306
lens,29216
stick,29175
tight,29133
dust,28969
cream,28894
robot,28886
maiden,28883
rubber,28860
rod,28655
nose,28560
swing,28407
cooking,28398
insects,28331
pump,28310
mask,28244
particle,28216
scales,28192
tornado,28146
stamp,28102
ceiling,27730
chest,27683
costume,27592
maker,27591
pocket,27584
thread,27563
barracks,27522
skull,27517
carpenter,27507
brass,27361
silk,27214
pavilion,27181
vampire,27115
sail,26857
keyboard,26812
cottage,26715
fountain,26680
dock,26652
fork,26574
portfolio,26532
chicken,26476
vinyl,26323
garage,26272
hook,26268
dining,26207
grandmother,26092
arrow,26090
bag,26061
leather,26023
advertisement,26000
toy,25979
drake,25894
swan,25754
pier,25730
fur,25638
bee,25576
cherry,25524
pianist,25505
bread,25252
armor,25145
lung,25113
bullet,24960
typhoon,24935
aunt,24839
witch,24832
corn,24829
canvas,24703
philosopher,24601
berry,24547
android,24538
console,24527
hanging,24466
liver,24331
marker,24222
correspondent,24126
dairy,23946
tram,23920
nerve,23863
polar,23852
carriage,23766
badge,23723
elephant,23707
boxer,23666
crest,23627
chef,23424
pupil,23373
trunk,23243
salmon,23194
finger,23149
maple,23103
shark,23075
coral,22959
tin,22893
knife,22758
lighter,22720
cheese,22674
ear,22554
wagon,22510
butterfly,22371
planets,22334
barn,22267
bottle,22263
vanity,22102
powder,21986
auditorium,21965
salon,21896
rat,21703
whale,21532
yacht,21390
monkey,21385
hawk,21373
mixing,21328
tongue,21305
mini,21210
shirt,21059
chocolate,20782
eclipse,20664
vacuum,20611
keeper,20420
hay,20381
tunnels,20184
cafe,20168
pin,20149
flies,20105
fairy,19984
taxi,19950
spider,19934
rex,19902
paved,19878
pot,19814
venus,19802
pistol,19768
cement,19762
crow,19649
fiber,19548
fence,19453
congressman,19443
cope,19321
viking,19316
pyramid,19209
boot,19088
printer,19072
spike,18985
frog,18886
porch,18810
trout,18763
pike,18738
lily,18604
parachute,18550
iris,18524
gym,18508
rabbit,18363
lawn,18357
clip,18322
barber,18302
pig,18278
joey,18278
jenny,18158
lamb,18144
turtle,17957
beaver,17923
aluminum,17821
cow,17734
cr,17675
colt,17662
poison,17647
filing,17601
cameo,17596
candy,17595
basket,17536
wool,17514
vegetables,17458
canoe,17437
punch,17400
appendix,17350
columnist,17264
swamp,17220
bug,17208
sailor,17193
brake,17115
archer,17095
helmet,17077
shoe,16859
jockey,16653
throat,16549
tooth,16511
frigate,16497
menu,16454
bedroom,16442
alley,16370
dishes,16361
mare,16327
umbrella,16249
dinosaur,16077
tenor,16054
flute,16038
elevator,15933
cartridge,15922
textbook,15895
slip,15861
flesh,15819
lantern,15813
bean,15809
bloom,15783
spiral,15689
balloon,15680
shorts,15677
battleship,15677
aluminium,15582
banker,15494
desktop,15471
stairs,15377
raven,15308
spotlight,15299
cord,15290
cake,15287
opener,15277
stomach,15177
potato,15154
hut,15153
booklet,15077
jacket,15026
fixtures,14996
owl,14836
headline,14819
lamp,14804
recorder,14766
trench,14722
tire,14676
bolt,14621
grape,14616
tap,14597
lounge,14548
jewelry,14419
stole,14387
nursery,14372
staircase,14263
pizza,14260
trumpet,14242
panther,14128
drain,14044
tavern,13986
carpet,13960
brush,13947
lime,13861
beard,13818
fog,13754
zinc,13706
cube,13702
convenience,13696
ankle,13652
spurs,13598
cowboy,13546
whip,13426
venetian,13414
soup,13410
niche,13308
wharf,13284
casual,13276
paperback,13257
curtain,13194
tent,13163
bowler,13158
dolls,13155
jaw,13129
ant,13078
sink,13003
collar,12993
grenade,12970
screw,12960
earthquakes,12946
orchard,12943
coffin,12874
chin,12868
davenport,12855
psychologist,12845
violet,12837
moth,12824
dwellings,12824
butcher,12818
correction,12800
bud,12620
toilet,12581
mantle,12566
supermarket,12557
goat,12527
elm,12465
viola,12379
rotary,12304
nickel,12273
banana,12224
beetle,12180
sandwich,12177
seller,12098
herd,12080
tsunami,12079
estuary,12064
siding,11971
ceramics,11944
cobra,11822
butter,11802
folding,11775
shelf,11749
periodical,11724
cello,11691
charm,11683
alloy,11664
saxophone,11643
pamphlet,11605
antarctica,11601
jaguar,11557
plaster,11486
lizard,11417
dolphin,11397
monsoon,11335
lip,11310
spine,11307
samurai,11291
saddle,11285
thumb,11258
laptop,11255
gong,11187
bathroom,11074
vineyard,11071
waterfall,11048
pad,11043
jewel,11030
furnace,10993
heel,10986
cod,10967
lemon,10945
daisy,10937
pony,10873
knot,10730
tractor,10715
roadway,10668
belly,10664
disguise,10664
eddy,10663
tile,10642
leopard,10634
goose,10629
python,10592
mechanic,10545
peacock,10480
glasses,10459
harp,10454
doe,10405
abdomen,10391
mole,10381
tuning,10364
avalanche,10356
chimney,10337
squash,10335
mat,10317
settler,10230
venom,10183
cart,10170
staple,10167
fig,10145
gem,10120
shin,10107
clarinet,10046
balcony,10030
pants,10005
saloon,9984
bald,9920
spear,9902
clerical,9891
hail,9881
crab,9840
chalk,9829
compartment,9745
attic,9737
grains,9731
dump,9724
squirrel,9631
tattoo,9614
pigeon,9606
elbow,9577
almanac,9574
thistle,9537
sliding,9525
oasis,9509
flip,9471
asphalt,9455
argyle,9451
coil,9427
worm,9414
needle,9406
revolver,9398
trash,9384
magician,9369
policeman,9343
hedge,9321
camel,9282
parcel,9198
feather,9185
wrap,9106
microwave,9096
tow,9095
herring,9091
kangaroo,9074
ribs,9068
accountant,9050
trolley,9039
elk,9031
locker,9022
stables,8978
knives,8976
dune,8971
shower,8966
rodeo,8931
tiffany,8920
lynx,8846
dart,8797
gram,8775
bucket,8775
wrist,8772
fanny,8740
nut,8727
whistle,8725
ginger,8722
broker,8713
usher,8662
bakery,8650
martian,8625
cornerstone,8602
laundry,8601
schooner,8598
nail,8595
ropes,8384
sparrow,8371
pedal,8347
salesman,8317
rig,8263
blizzard,8211
parrot,8176
blanket,8145
wasp,8138
orchid,8138
tabloid,8138
oyster,8134
purse,8133
toe,8120
fist,8119
chesterfield,8119
otter,7999
brochure,7984
hostel,7974
bog,7949
hornets,7918
veil,7918
soda,7896
motel,7882
colon,7864
onion,7859
dungeon,7794
peach,7793
garment,7779
rack,7757
dagger,7600
fisherman,7561
pencil,7513
donkey,7510
cellar,7508
crocodile,7491
shrimp,7490
attendant,7474
chick,7471
inverness,7451
heron,7388
swallow,7277
glove,7276
filly,7275
titanium,7240
foam,7235
herbs,7228
wedge,7202
attach,7191
cleaner,7186
strawberry,7175
mosquito,7172
bathing,7170
sewer,7083
cradle,7056
skyscraper,6994
fore,6992
panda,6970
junk,6960
meteor,6919
tomato,6918
banjo,6863
partridge,6848
stallion,6838
snail,6832
waist,6815
fiddle,6797
breeze,6778
closet,6775
beads,6765
pinto,6757
midi,6747
badger,6740
mammoth,6732
gorilla,6714
mule,6706
caf,6705
bubbles,6703
candle,6666
jeep,6664
splash,6661
maestro,6636
fireplace,6625
sibling,6547
hamburger,6532
emu,6525
appliances,6507
vulture,6487
scorpion,6486
baritone,6440
tam,6428
pew,6422
crook,6413
mango,6372
mermaid,6371
blossom,6370
forehead,6367
therapist,6342
toad,6320
plum,6319
necklace,6307
tailor,6283
moat,6278
pagoda,6208
bulb,6205
sash,6202
oven,6201
peppers,6163
cheek,6140
loft,6111
trousers,6099
cub,6097
batter,6088
insulation,6048
diner,6044
luggage,6030
mangrove,6026
linen,6014
couch,5990
skirt,5966
jeans,5962
trombone,5959
ascot,5949
cereal,5945
caterpillar,5908
octopus,5898
bayou,5892
calf,5889
baked,5873
glands,5858
poppy,5850
walkway,5839
ogre,5837
hardcover,5804
pumpkin,5798
receipt,5797
jasmine,5764
bladder,5756
hedgehog,5747
osprey,5740
tuna,5711
boar,5601
dentist,5584
nightingale,5579
beak,5562
cloak,5519
eel,5519
wren,5502
chateau,5473
atrium,5454
cardboard,5443
carp,5440
fascia,5433
spoon,5432
squid,5423
antelope,5420
craftsman,5407
gown,5406
apse,5401
perfume,5399
folder,5390
stampede,5368
harmonica,5345
accordion,5321
oboe,5305
ape,5278
hen,5266
gall,5261
cans,5217
tick,5214
jumper,5209
piles,5149
puppy,5143
comb,5142
perch,5115
unicorn,5115
viper,5087
pelican,5061
lei,5056
sectional,5048
curly,5047
robe,5026
weasel,5008
cascades,4959
bonnet,4951
condor,4942
toast,4934
stove,4924
garlic,4883
gras,4871
blackberry,4855
plumbing,4851
cloister,4831
bikini,4794
tabernacle,4781
cookies,4774
zebra,4766
shoemaker,4764
mandolin,4760
cuckoo,4759
sidewalk,4756
reindeer,4735
tortoise,4729
compressor,4726
vest,4712
kettle,4702
werewolf,4669
condominium,4667
interviewer,4658
cupola,4654
shack,4635
rooster,4603
bungalow,4562
cleavage,4561
alligator,4554
cougar,4539
clipper,4533
picket,4532
flea,4519
pillow,4514
sturgeon,4511
sponge,4508
thunderbolt,4498
nylon,4467
sherry,4464
pea,4462
planters,4456
thigh,4432
suv,4413
fiberglass,4378
fragrance,4362
bugle,4351
puma,4344
retina,4342
briefs,4334
torso,4332
councilman,4325
lobster,4313
weeds,4294
siamese,4289
broom,4280
plywood,4271
glue,4248
recessed,4232
kiwi,4230
silica,4229
harpsichord,4225
pear,4208
ashram,4205
dessert,4167
boa,4144
hallway,4141
cabbage,4126
timer,4108
urn,4100
hacienda,4058
pharmacist,4058
cheetah,4007
hog,4001
waitress,3977
intestine,3970
underwear,3963
bower,3939
mantua,3931
flooring,3929
lute,3898
pineapple,3896
trooper,3887
gauntlet,3875
raspberry,3863
bra,3824
piccolo,3823
locust,3812
alder,3769
typewriter,3765
stag,3748
lark,3744
yam,3740
quill,3731
pendant,3694
acrylic,3681
lemur,3653
garter,3650
pasta,3614
mezzanine,3611
apron,3589
rhinoceros,3586
spade,3584
atelier,3579
bracelet,3568
orator,3554
heater,3502
hostess,3492
pudding,3486
raccoon,3480
binder,3477
rocking,3475
grasshopper,3454
suitcase,3454
snare,3423
carrot,3406
stylus,3395
liners,3371
waiter,3361
noodles,3355
paddock,3354
tray,3341
vases,3307
sphinx,3305
wallet,3287
shingle,3282
brushes,3278
dinghy,3273
dickey,3263
petal,3248
sunflower,3242
vane,3237
bassoon,3226
kidneys,3221
pouch,3199
futon,3196
forearm,3190
celeste,3170
spaghetti,3170
cornet,3168
granny,3160
hearth,3154
porcupine,3136
refrigerator,3130
albatross,3128
clamp,3127
quail,3110
kitten,3086
capri,3082
stool,3079
scissors,3078
tub,3076
corral,3073
tuba,3062
kiosk,3053
stew,3049
fowl,3043
straps,3021
dragonfly,3001
adirondack,2999
tulip,2989
jackal,2985
popcorn,2980
beret,2964
tenement,2932
belfry,2921
brewed,2911
hinge,2905
sari,2872
gila,2853
maxi,2853
cuff,2842
melon,2816
buggy,2813
oxen,2810
whirlwind,2791
stocking,2787
gazelle,2779
scarf,2766
gondola,2753
townhouse,2745
shovel,2733
rags,2721
chalice,2718
tripod,2714
patio,2707
giraffe,2702
beet,2698
grouse,2697
fahrenheit,2696
cushion,2675
sofa,2675
sunglasses,2660
veterinarian,2651
mattress,2650
chastity,2648
rug,2633
buffet,2632
pheasant,2615
sow,2615
rattlesnake,2607
towel,2593
perforated,2566
diaphragm,2563
ostrich,2513
pancake,2497
silo,2492
blazer,2471
bedding,2468
swimsuit,2458
sushi,2451
cashier,2432
chimes,2413
skunk,2410
drawer,2395
warlock,2376
transom,2367
pancreas,2365
spectacles,2356
tunic,2348
dahlia,2345
mop,2343
timpani,2328
spleen,2320
waterproof,2314
lipstick,2311
chauffeur,2305
bedside,2305
antlers,2300
buzzard,2297
condo,2287
bathtub,2281
hatchet,2275
walrus,2274
bins,2272
tutu,2260
polyester,2239
lilac,2230
seagull,2228
chimpanzee,2204
wafer,2203
clasp,2189
ukulele,2185
hamster,2184
hippodrome,2178
lettuce,2170
sloth,2164
backpack,2163
capuchin,2153
cardigan,2143
sweater,2129
cormorant,2124
loggia,2123
pelt,2122
turban,2119
bronco,2105
girdle,2105
studs,2103
figurine,2100
dresser,2098
veranda,2097
bobcat,2097
godmother,2095
gosling,2094
rims,2091
fedora,2080
hutch,2072
fawn,2062
doorstep,2038
moustache,2023
montero,2022
blueberry,2017
hyacinth,2013
tangerine,1997
crackers,1988
clapboard,1986
crayfish,1984
earrings,1975
tiara,1973
termite,1973
tuxedo,1971
watermelon,1966
chalet,1961
mutt,1957
pantry,1952
smog,1914
hoe,1914
paws,1913
dryer,1909
vixen,1908
hyena,1895
goldfish,1893
sitar,1883
geyser,1865
goggles,1857
garb,1855
koala,1849
accompanist,1848
drawbridge,1837
capricorn,1828
cranberry,1818
bathhouse,1818
burglar,1817
armadillo,1798
trims,1798
tambourine,1791
gelding,1784
strawberries,1779
cymbal,1775
snowman,1775
brooch,1759
galleon,1758
skylight,1756
sepal,1754
pomegranate,1751
tyrannosaurus,1746
cupboard,1743
mustache,1739
solitaire,1726
blackboard,1725
llama,1723
carnation,1723
rostrum,1723
armchair,1720
twister,1719
condenser,1716
freezer,1712
songbird,1703
sandals,1698
calico,1697
narcissus,1696
bustle,1692
stamen,1688
soybeans,1679
mansard,1670
chilly,1657
epoxy,1655
crib,1647
lyre,1641
whirlpool,1635
bulldozer,1634
apricot,1633
thermometer,1628
chops,1616
obi,1607
shanty,1605
swivel,1584
cockroach,1577
ticonderoga,1558
lasso,1552
swordfish,1550
dory,1543
pate,1537
navel,1536
tremors,1535
nipple,1530
gander,1525
hippopotamus,1525
barometer,1523
blouse,1515
mariachi,1512
alb,1508
orangutan,1503
signet,1478
puffin,1474
shawl,1465
dynamos,1443
washer,1430
watchmaker,1422
wallaby,1420
gums,1406
catamaran,1403
opossum,1401
oars,1399
astrakhan,1398
slippers,1395
tote,1394
visor,1388
grub,1379
mailbox,1369
grapefruit,1367
puddle,1366
cabana,1365
hammock,1352
sneakers,1351
flops,1343
almonds,1342
parka,1338
chipmunk,1338
chandeliers,1328
knuckle,1328
baboon,1327
gazebo,1321
shampoo,1319
bagpipes,1315
tadpole,1301
cot,1294
toga,1284
canes,1280
rafter,1274
rawhide,1265
scented,1262
bolero,1260
kimono,1256
tyrolean,1253
fob,1249
sprouts,1245
zoot,1237
legumes,1232
marimba,1228
turnstile,1226
centipede,1226
mantel,1219
platypus,1216
diadem,1215
kilt,1212
pinafore,1202
menorah,1197
newsstand,1196
buckles,1180
limo,1174
artesian,1163
switchboard,1161
gyro,1144
newsprint,1143
caddy,1133
instrumentalist,1127
thermostat,1126
veal,1125
campanile,1121
eyelids,1118
fastener,1116
caboose,1106
locket,1101
fanlight,1100
cicada,1096
dispenser,1095
petticoat,1092
leash,1085
workbench,1071
ketch,1068
earthworm,1067
dogwood,1051
outhouse,1051
abominable,1040
vellum,1025
aftershocks,1024
eyebrow,1023
divan,1022
panties,1020
grouper,1020
heirloom,1011
sleuth,1007
foie,1003
conditioner,1002
igloo,1002
wraparound,992
sardine,984
smock,977
eyeball,957
macaroni,956
easel,954
wrinkles,948
radish,946
pillbox,945
sandbar,935
dishwasher,932
wisteria,926
cauliflower,924
tabby,922
conga,922
overcoat,918
latte,913
xylophone,901
aardvark,897
trapdoor,887
pinkie,883
crocus,880
alcove,877
woodwinds,874
beanie,873
curio,861
wombat,856
pajamas,853
maelstrom,851
daffodil,846
duckling,843
dragster,841
bijou,837
frock,834
maggot,834
gasket,834
pushers,833
jailhouse,831
eyeglasses,830
blisters,824
vibraphone,822
crotch,818
walnuts,817
steaks,812
scraper,804
pith,803
mocha,786
holster,780
balaclava,777
mimosa,777
persimmon,773
eraser,761
houseboat,758
euphonium,755
prune,754
pansy,751
wigwam,749
metronome,749
zither,737
flatbed,729
overalls,729
lentils,726
ocelot,723
leggings,722
netbook,722
sombrero,721
evaporator,718
peyote,717
halibut,716
trellis,715
chaps,715
laces,706
wingtips,705
geranium,704
underpants,700
ladybug,688
pleated,688
sweatshirt,686
jumpsuit,681
lath,674
glockenspiel,670
anteater,666
chowder,661
catacomb,656
peony,653
dulcimer,653
alpaca,639
lotion,636
vestment,635
breastplate,634
pail,631
virginal,631
raspberries,623
chippendale,616
clavier,605
whisker,602
capon,602
drapes,600
tassels,599
poncho,598
monocle,593
cassock,590
honeybees,590
blueberries,588
freckles,587
sleet,584
eyelashes,579
clipboard,575
cowbell,575
candelabra,568
skywalk,565
baobab,565
sizzle,561
antechamber,560
hydrofoil,544
kingfish,543
cappuccino,541
armpit,539
dimple,539
bookcase,538
shofar,538
gerbil,533
bongos,528
hydrant,514
steamroller,512
clogs,512
waffles,509
slacks,508
watteau,508
dhow,506
raincoat,501
underarm,500
deodorant,492
cleats,483
rivulet,477
yurt,476
tatami,474
spandex,473
birdcage,471
bandana,469
ptarmigan,466
wampum,463
mousse,462
faucet,461
remover,455
loincloth,446
ashtray,443
suspenders,440
blackberries,435
fingernail,433
currant,429
boudoir,427
leotard,421
dolman,419
pannier,417
cyclamen,414
flugelhorn,413
potty,412
kazoo,411
casserole,403
playroom,403
zucchini,403
moccasins,401
sarong,396
porthole,393
cesspool,390
fatigues,390
pimple,390
parsnip,386
dromedary,385
maracas,384
carport,383
scow,382
chaise,376
sideburns,370
nightlight,369
yawl,368
ferryboat,366
waistband,365
toque,365
duffel,361
thermals,360
sweats,354
claves,353
thongs,352
koel,351
bloomers,341
buttock,339
pinstripes,337
beautician,332
boughs,331
knickers,330
begonia,322
pocketbook,318
balalaika,318
viscose,305
lanai,302
toreador,299
nessie,296
gaiters,296
pantyhose,294
plasterboard,294
brassiere,293
polenta,292
waterspout,285
schnitzel,282
flytrap,281
tambour,278
cravat,277
objet,276
timbales,275
sideboard,274
nightgown,273
trundle,269
tracksuit,265
crinoline,256
foxglove,253
miter,251
popsicle,251
tummy,250
kleenex,246
shoelaces,240
leeks,239
dater,239
flatboat,238
fishnet,236
bratwurst,232
castanets,231
fondue,231
gladiolus,227
bidet,227
cloudburst,226
strapless,225
sousaphone,225
brinjal,224
choker,219
wastebasket,216
trinket,215
artichokes,215
anklet,214
defrost,214
skullcap,212
epee,207
turtleneck,207
radiosonde,206
hardboard,201
eyeliner,199
squeegee,195
ravioli,194
crisper,193
potbelly,193
hovel,192
loafers,189
bathrobe,188
samovar,187
bandanna,186
thunderhead,184
dumbwaiter,180
doorknob,179
anorak,179
stapler,176
hoofs,174
stilettos,171
chador,171
bandolier,171
coonskin,169
inglenook,169
chinos,168
undershirt,167
rutabaga,165
sharpener,165
eggplants,165
recliner,163
muffs,162
agogo,161
nectarine,158
sunroom,156
netsuke,156
blowgun,152
omelet,147
bermudas,141
tepee,140
armoire,139
cutlets,136
cummerbund,135
toed,135
footstool,131
earmuffs,130
gooseneck,129
corsage,123
gobbler,123
kumquat,122
waterbed,118
dungarees,117
footrest,112
raiment,110
aftershave,107
kielbasa,107
woofers,107
sego,107
togs,102
footie,100
kettledrum,100
booties,99
spanks,98
haversack,97
aneroid,93
yarmulke,92
hatbox,91
galoshes,89
pantsuit,87
caftan,84
negligee,82
bassinet,77
jodhpurs,76
dirndl,72
huggers,67
underclothes,67
birdbath,67
pendrive,65
banquette,64
espalier,63
jimmies,62
babushka,61
pinworms,59
pompom,56
pickax,56
bifocals,55
coverall,54
credenza,53
hardhat,53
kohlrabi,53
formals,53
panpipe,52
snowsuit,52
denims,45
bootee,40
crawdad,38
espadrille,36
shearling,34
brulee,34
foldaway,34
gumshoes,33
daybed,30
alpenglow,29
hassock,28
sunbonnet,27
mukluk,25
corduroys,25
aglets,19
cauli,19
sunlamp,16
chiffonier,16
shoat,16
peacoat,16
hamaki,14
caterpiller,13
shirtdress,13
overnighter,12
rollaway,12
torchiere,11
alpenhorn,9
zampone,8
nougats,7
checkroom,4
rasberries,4
fanback,4
gauva,2
