cidade,277744
grande,262156
rio,235702
estado,205553
junho,172886
história,144621
guerra,136249
sul,131982
filme,120548
área,118643
banda,114946
música,114608
país,114338
clube,110239
título,102466
casa,102456
norte,101134
filho,97936
língua,97667
quatro,96215
igreja,91948
livro,88880
página,86986
cerca,86678
fim,82889
centro,82568
edição,80017
equipe,78561
tarde,78446
escola,74256
meio,73563
rei,72673
terra,70875
pai,70672
lista,70165
porto,66007
conta,65018
revista,63876
linha,63352
lei,62685
exército,59685
construção,58511
ilha,56821
américa,55916
papel,52214
jornal,50570
corpo,50280
atual,50201
europa,48975
estação,48870
força,48478
inglês,48341
filha,47870
ouro,47550
mãe,46249
costa,45760
conjunto,44679
televisão,44523
espaço,44352
ver,44255
superior,43937
frente,43744
homem,43472
mar,41640
professor,41238
liga,40737
museu,39793
terceiro,39091
show,39077
jogador,39044
teatro,39031
conselho,38772
irmão,38725
mulher,38241
modelo,37861
autor,37523
pesquisa,36459
diretor,36392
rádio,36197
cinema,36007
alto,35586
canal,35358
boa,35172
estádio,34057
fonte,33907
rua,33286
ar,32480
noite,32462
parque,32082
partes,31462
fundação,30791
trabalhos,30760
partida,30666
governador,30543
marca,30248
raio,29090
nomes,28932
castelo,28750
amor,28438
china,27787
meu,27577
pequeno,27481
vivo,27097
áfrica,26995
baixo,26851
referência,26472
polícia,25773
ferro,25500
entrada,25377
academia,25354
faixa,25313
francês,25287
history,24909
chefe,24844
banco,24714
político,24604
quarto,24516
verde,23915
etc,23908
prefeito,23751
madeira,23513
estúdio,23368
ator,23249
espírito,23220
combate,23019
transporte,22603
atriz,22530
rainha,22384
departamento,22284
massa,22232
mudança,21834
dinheiro,21397
estrada,21345
cabeça,21184
hospital,21010
prata,20938
carta,20439
folha,20305
bispo,20249
ponte,19736
aeroporto,19535
bandeira,19510
estrela,19501
irmã,19457
biblioteca,19422
austrália,19323
pedra,19038
motor,18919
carro,18810
editor,18781
navio,18773
romano,18671
mestre,18602
clima,18432
templo,18383
torre,18311
cantor,18235
prisão,18198
avenida,18095
lima,18070
tom,17798
mão,17772
capela,17729
lago,17644
metal,17533
jardim,17447
pintura,17421
azul,17418
vermelho,17196
sala,17128
romance,16930
fogo,16867
difícil,16606
carvalho,16279
preto,15963
coração,15910
criança,15888
atlético,15827
bronze,15785
fazenda,15535
fortaleza,15513
médico,15483
dom,15459
contato,15168
princesa,15052
encontro,14889
satélite,14888
corrida,14610
sangue,14523
trono,14327
periódico,14184
tropical,14089
desenho,14043
floresta,14037
exterior,14028
rosa,13928
oceano,13885
plantas,13818
porta,13797
ásia,13765
piloto,13615
sobretudo,13370
lança,13311
treinador,13306
leão,13228
ribeiro,13103
guia,13091
palco,13027
coroa,12989
igrejas,12869
rocha,12716
enciclopédia,12660
registro,12608
pé,12513
erro,12466
manhã,12405
catedral,12393
aldeia,12326
topo,12222
cenário,11982
pena,11931
plataforma,11876
jack,11814
juiz,11767
ônibus,11741
corrente,11740
mosteiro,11461
face,11443
característica,11402
compositor,11269
capa,11223
convidado,11173
fábrica,11127
caixa,11100
barra,11073
computador,10980
café,10915
gás,10820
senador,10809
hotel,10805
fácil,10791
arquivo,10706
orquestra,10612
bola,10553
avião,10553
gelo,10433
agente,10341
arco,10175
lua,10144
árvore,10123
parada,10060
mistura,10037
oxford,10014
japonês,9987
leite,9929
máquina,9894
nuclear,9887
engenheiro,9707
cobertura,9631
doce,9587
loja,9562
ramo,9555
cemitério,9521
coluna,9503
esperança,9420
propaganda,9401
poeta,9376
representante,9338
ácido,9335
treinamento,9280
pele,9238
bacia,9192
metrô,9181
músico,9169
pinto,9105
chave,9052
piano,9034
mesa,8988
salão,8933
boca,8912
céu,8870
terminal,8827
cadeia,8786
ligações,8682
ópera,8587
advogado,8526
peru,8507
tio,8503
dicionário,8417
cavalo,8302
tela,8288
carne,8232
baía,8183
vento,8146
motores,8139
camisa,8111
atleta,8045
beleza,8039
ampla,8031
cunha,8006
tempestade,7880
junta,7877
mapa,7873
roupas,7820
pintor,7786
cavaleiro,7776
bordo,7748
correspondente,7680
pés,7679
braço,7479
chão,7466
círculo,7463
meia,7438
primavera,7393
arquiteto,7283
circulação,7259
criador,7259
galeria,7256
lagoa,7191
policial,7181
vereador,7177
gabinete,7131
escritório,7102
peixe,7048
olho,7007
trem,6937
coelho,6935
editorial,6922
chinês,6906
cadeira,6886
flor,6880
parede,6853
aço,6828
espada,6803
quente,6741
aluno,6652
areia,6601
salto,6559
escudo,6534
leve,6425
chuva,6389
óleo,6376
menina,6310
anel,6267
bolsa,6263
cobre,6239
avô,6193
vinho,6144
frio,6134
santuário,6119
tênis,6097
escapar,6090
placa,6049
ondas,5980
corridas,5959
escultura,5932
carbono,5923
shopping,5870
lula,5857
extra,5851
gado,5848
equipamento,5828
alcance,5792
sal,5766
basquetebol,5729
barco,5699
açúcar,5606
privado,5593
bomba,5560
adolescente,5532
lobo,5523
pastor,5453
tornado,5447
mesquita,5422
herança,5324
lutador,5322
neve,5298
câmera,5284
cérebro,5272
repórter,5266
angra,5225
lidar,5224
asa,5199
amplo,5184
uniforme,5159
platina,5080
vidro,5044
otomano,4971
líquido,4962
janela,4902
garoto,4870
raiz,4843
soldado,4841
restaurante,4829
entretenimento,4825
cão,4822
iluminação,4812
margarida,4809
cordas,4806
milho,4731
lixo,4713
maestro,4692
cabelo,4645
suspensão,4608
magia,4600
compromisso,4558
apartamento,4541
dragão,4525
natação,4501
arroz,4501
telefone,4500
elétrico,4493
sacerdote,4461
tomando,4449
cerâmica,4356
fita,4345
roupa,4337
pátio,4325
ângulo,4323
furacão,4310
gato,4225
teto,4220
roda,4202
pão,4141
cartão,4041
cheio,4029
pioneiro,3993
triângulo,3959
corredor,3948
dentes,3932
armazenamento,3911
conselhos,3885
peito,3855
vestido,3802
relógio,3797
coral,3797
oficina,3796
filósofo,3774
gerente,3749
mansão,3741
inferno,3729
franklin,3724
cúpula,3714
laranja,3712
avó,3699
concreto,3682
planetas,3664
investigar,3657
violão,3652
cozinha,3613
tia,3586
pavilhão,3526
bebida,3515
pescoço,3513
tanque,3491
bebê,3472
fantasma,3450
den,3447
plástico,3429
persa,3410
holandês,3367
pacote,3366
falsa,3352
móvel,3322
algodão,3297
monstro,3247
fio,3228
quadrado,3223
tubo,3223
toque,3198
insetos,3175
corda,3171
viola,3114
tronco,3102
mágico,3095
espelho,3065
perna,3065
console,3054
robô,3014
caverna,2996
cama,2990
isolamento,2989
galo,2989
cerveja,2980
nó,2948
teclado,2931
ovo,2923
quadra,2897
quartel,2893
palma,2890
submarino,2870
passeio,2845
bobby,2834
jantar,2828
osso,2820
alumínio,2804
abraços,2803
chá,2802
botão,2784
vela,2770
banho,2748
pilar,2748
aranha,2697
chocolate,2685
tribuna,2685
pratos,2671
portão,2667
partícula,2661
esqui,2654
vasos,2641
couro,2629
violino,2627
fluido,2626
pianista,2620
caixas,2610
conduzir,2607
manga,2592
fabricado,2586
borda,2583
beisebol,2574
drake,2570
grama,2565
samurai,2553
chipre,2552
cobra,2549
falcão,2548
fotógrafo,2543
feijão,2537
águia,2525
correção,2508
pó,2488
diamante,2488
auditório,2486
fibra,2483
community,2483
grãos,2481
queijo,2466
cravo,2453
tigre,2451
pato,2447
borracha,2439
eclipse,2435
chapéu,2433
manto,2423
cais,2408
celeste,2408
músculo,2399
pasta,2390
canhão,2389
parcela,2387
polar,2369
joelho,2345
mercúrio,2342
pirâmide,2315
motorista,2305
crânio,2295
nariz,2275
seda,2271
wellington,2235
porco,2230
semente,2228
mecânico,2218
bico,2201
nuvem,2184
patrulha,2184
criminoso,2184
subúrbio,2180
android,2176
fígado,2171
giro,2168
balanço,2166
cordeiro,2165
esgoto,2163
soja,2149
traje,2132
riacho,2106
cabine,2095
vácuo,2094
pássaro,2091
detetive,2072
justa,2028
batida,2024
damasco,2020
dedo,1990
mini,1984
míssil,1982
locomotiva,1975
compras,1967
veneno,1967
vênus,1966
rex,1965
banana,1954
vaidade,1944
ram,1943
mama,1919
pia,1910
serpente,1910
poeira,1897
berço,1894
assento,1893
doces,1886
alasca,1881
batata,1878
bruxa,1870
cachorro,1869
bala,1851
localmente,1845
escadaria,1845
urso,1842
tampa,1842
lâmina,1838
gramado,1830
barata,1830
tubarão,1825
fruta,1807
pântano,1802
calçada,1796
condutor,1794
caminhão,1790
vinil,1780
colar,1780
vampiro,1774
flauta,1773
garganta,1766
golfe,1761
favela,1727
ombro,1718
balneário,1714
escadas,1691
borboleta,1679
vestuário,1678
concha,1678
patas,1672
faca,1671
nervo,1665
lanterna,1641
óculos,1634
balão,1627
sapo,1621
elevador,1620
garagem,1619
cimento,1617
rato,1605
elefante,1601
uva,1595
forno,1576
colunista,1572
rancho,1568
baleia,1565
vaca,1563
macaco,1552
lente,1547
derby,1546
escalas,1545
dente,1541
sino,1534
antártica,1534
estômago,1530
cintura,1526
habitações,1524
colo,1518
pulmão,1507
medula,1507
solitário,1506
joey,1506
carteira,1499
pistola,1491
testa,1486
vigia,1485
barba,1467
intestino,1462
galinha,1457
pulso,1452
vendedor,1450
saia,1448
almanaque,1446
nicho,1434
contador,1434
torcedor,1428
bolo,1426
brinquedo,1413
abelhas,1410
pavimento,1407
touro,1407
sopa,1406
lira,1406
subterrâneo,1404
espiral,1404
corvo,1403
pérola,1393
vestir,1391
sinos,1383
martelo,1370
claustro,1356
bois,1350
túneis,1338
cascavel,1334
jacinto,1333
táxi,1329
abelha,1329
capacete,1328
barriga,1321
hospedeiro,1320
cebola,1315
character,1308
foca,1307
porão,1305
tambor,1292
bolso,1272
marinheiro,1267
cr,1265
dinossauro,1264
tenor,1263
rótulo,1262
estuário,1262
motocicleta,1255
cabana,1254
rifle,1250
banheiro,1244
ervas,1241
cubo,1239
enfermeira,1234
caixão,1224
fosso,1210
lã,1208
zinco,1208
compartimento,1202
calças,1200
orador,1200
raposa,1197
estoque,1196
queimado,1187
cascata,1171
maquiagem,1168
bilhete,1162
castanho,1159
omelete,1159
mandíbula,1157
punho,1153
fundida,1151
tomate,1146
marcador,1142
garrafa,1142
tijolo,1137
rebanho,1135
cassino,1131
asfalto,1125
python,1119
bastão,1118
jenny,1116
bombardeiro,1112
tsunami,1110
tufão,1110
maçã,1101
solta,1100
varanda,1098
tartaruga,1096
glândulas,1095
pinho,1090
laço,1090
panda,1089
banqueiro,1076
traseiro,1075
creme,1074
bote,1064
madeiras,1061
perfume,1055
fragata,1054
rabino,1042
estilista,1034
atômico,1029
larva,1029
arqueiro,1022
orelha,1020
condomínio,1019
cola,1019
formiga,1018
cortina,1018
soco,1016
véu,1014
limão,1011
maconha,1008
lata,1008
roubou,1007
copo,1004
tapete,996
cordão,996
crista,993
ateliê,990
cálice,989
fada,989
supermercado,983
chifres,980
gancho,977
saxofone,977
cartucho,975
pantera,973
botas,960
fecho,960
pousada,958
canela,953
farmacêutico,950
traça,942
manteiga,940
expandindo,939
frango,938
pagode,938
sereia,936
psicólogo,935
cinto,933
lagarto,925
agulha,923
charme,916
tam,906
ovelha,904
sépala,902
conveniência,902
jaguar,899
postar,898
jacaré,896
haste,891
íris,880
pétala,877
raven,876
marciano,875
madrinha,874
agricultor,873
passarela,872
tenda,870
abside,869
pescador,862
beco,861
colher,861
gesso,859
armaduras,856
anfitriã,847
mosca,840
filhote,839
viking,836
apêndice,834
átrio,832
casaco,817
freio,816
bonecas,815
urna,815
alho,812
bolhas,806
bagagem,804
cozido,797
bode,788
senhoras,785
violoncelo,785
níquel,783
relâmpago,780
terno,777
papagaio,774
harmônica,774
canoa,773
camarão,771
midi,770
coxa,770
puma,768
crocodilo,767
jeans,762
pin,755
pneu,754
linho,753
refrigerante,749
pizza,749
lápis,747
bruxo,744
celeiro,743
arquivamento,743
panela,741
espinha,739
rins,734
campanário,731
eléctrico,730
fossa,728
dentista,727
esteira,726
fig,724
condor,724
mosquito,722
pier,722
armário,720
gravador,717
camiseta,716
castor,710
rochoso,708
lobisomem,708
esponja,707
mitra,704
popa,700
tornozelo,699
oásis,699
retina,698
coruja,695
iate,695
diadema,694
revólver,691
facas,680
bota,680
bacalhau,679
tatuagem,674
camelo,670
calça,670
polegar,670
bexiga,662
legumes,662
panfleto,660
guarnições,656
caneta,656
titânio,651
besouro,646
capão,645
gema,637
biscoitos,636
chifre,631
galhos,629
cisne,628
telha,628
seta,628
pedal,628
afinação,627
abdômen,627
pavão,624
baralho,624
doca,623
vestimenta,621
tiffany,616
padaria,615
gaita,611
dardo,610
terremotos,606
hipódromo,606
cesta,603
rabo,603
compressor,603
disfarce,600
javali,599
gaiola,598
túnica,595
caranguejo,594
jóia,594
espuma,594
veado,589
avalanche,589
impressora,588
instantâneo,587
paraquedas,587
régua,584
acompanhante,581
pombo,570
fanny,568
poção,568
bermudas,567
monção,567
alva,565
pomar,565
galpão,564
rodeio,563
folheto,563
casual,562
portfólio,562
térmicas,559
galeão,559
artesão,559
harpa,557
pâncreas,557
medalhão,556
veneziano,552
moscas,552
agua,551
penhasco,551
pardal,548
narciso,548
névoa,547
sapato,545
castidade,543
sardinha,542
pilhas,542
corretor,541
capuz,540
chaminé,537
estatueta,536
caracol,535
carpinteiro,532
sofá,532
trincheira,531
quadrinho,531
protetores,527
motel,526
terapeuta,526
duna,525
veterinário,523
escorpião,521
arranha-céu,519
pera,518
preguiça,518
movendo-se,517
parafuso,515
luva,512
leopardo,511
lábio,510
cortinas,510
carrinho,507
mangue,506
ganso,503
bobina,501
zebra,501
veludo,500
anexar,500
pandeiro,498
cotovelo,498
quadril,498
curral,498
jaqueta,496
orquídea,496
acordeão,495
latas,493
bigode,492
distribuidor,492
clarinete,490
donzela,490
encouraçado,487
barítono,484
queixo,483
trilho,483
maxi,483
garça,481
poster,477
tatu,474
rastrear,473
tiara,472
golfinho,471
vagão,469
garçonete,467
lareira,465
boxer,465
meteoro,461
colete,459
destruidor,456
hamburger,454
camisola,454
futon,453
rotativo,453
vespa,450
sótão,450
banheira,448
equitação,448
barraca,446
trator,444
chicote,441
barbeiro,438
careca,437
morangos,437
costelas,434
gorila,434
laticínios,429
trombone,427
bulbo,426
abóbora,423
granizo,421
abacaxi,421
sílica,418
banjo,418
sapateiro,416
noz,413
eletrodomésticos,408
girassol,406
rinoceronte,405
cólon,403
bandolim,403
mula,403
urubu,400
unha,398
alfaiate,397
sobremesa,396
pique,396
send,395
diafragma,393
fragrância,390
polvo,389
mochila,389
gaivota,389
colono,388
amora,388
melancia,388
viga,386
pá,384
rã,384
apito,382
esquilo,381
desenhando,379
obituário,378
sanduíche,377
lagarta,377
macarrão,376
congressista,376
cereal,376
calção,375
bolero,375
morango,375
chuteiras,372
transportadora,372
atum,369
lontra,367
fedora,366
grilo,365
salmão,364
tabernáculo,363
antebraço,362
latão,359
rena,359
estame,359
gravata,359
jipe,357
principe,356
framboesa,356
capri,355
cenoura,354
saved,352
vestem,350
degrau,350
garçom,349
espigão,348
cascatas,348
tuba,344
lírio,343
pescaria,343
padeiro,342
inhame,340
lagartas,340
estante,335
brisa,334
minhoca,334
boné,332
datar,332
chalé,331
smoking,331
cascos,330
mobília,329
oboé,328
chimpanzé,327
baço,327
açafrão,326
punhal,326
tremores,323
cajado,323
toalha,323
estábulos,323
batom,321
reboque,321
balde,320
colarinho,319
guarda-chuva,319
fogão,318
pipoca,317
nozes,316
vaqueiro,311
loggia,310
baga,310
rachaduras,307
remos,307
vespas,303
esfinge,303
livreto,303
umbigo,302
pente,302
geladeira,302
nylon,300
giz,295
abutre,293
búfalo,292
melão,291
brincos,290
bastões,289
acrílico,289
brotos,289
gengibre,289
molhado,288
boliche,288
peitoral,287
cereja,285
quiosque,284
interruptor,281
davenport,279
andorinha,279
recuado,278
unicórnio,277
alaúde,276
clerical,276
escova,272
capricórnio,272
cardápio,271
toga,270
clipper,270
gaveta,267
perfurado,265
sandálias,265
pêssego,265
compensado,264
divã,261
joalheria,260
sutiã,260
pulseira,259
tamanduá,258
vassoura,258
atendente,257
tablóide,257
lince,254
égua,252
condensador,252
bikini,252
pew,249
alface,248
tripé,248
virilha,247
silo,247
avestruz,247
termômetro,247
montero,245
taberna,244
almofada,243
tutu,241
gafanhoto,240
blusa,239
entrevistador,239
cílios,239
lilás,239
lagosta,239
mamute,238
chuveiro,238
trombeta,237
garfo,236
repolho,235
lavanderia,234
mezanino,232
cortiço,231
poça,230
leguminosas,230
girino,229
truta,228
poliéster,228
microondas,228
abominável,228
fagote,227
ouriço,226
batina,225
escuna,224
toureiro,222
catacumba,216
frete,215
antílope,215
selim,213
gras,213
sushi,212
assaltante,212
dobrando,212
luminárias,211
gambá,210
beterraba,209
cardo,209
saloon,208
mimosa,208
suv,208
alce,206
nevasca,205
saudar,205
estilete,205
bandeja,205
tromba,205
chacal,204
cavalete,204
vinhedo,203
ostra,202
ventilador,202
ondulação,202
debandada,201
giroscópio,201
casinha,201
aros,199
grampo,199
capuchinho,199
carimbo,199
gosling,198
correias,197
brochura,196
hipopótamo,196
açougueiro,195
cronômetro,194
feno,193
girafa,192
riscas,192
marquise,191
colchão,190
amêndoas,189
ameixa,189
pelicano,188
semear,187
axilas,187
escovas,187
canguru,186
prateleira,186
jarda,185
drenar,183
fahrenheit,183
bezerro,182
travesseiro,181
tiranossauro,179
redemoinho,179
tulipa,178
macacão,178
braçadeira,177
mascarar,177
fénix,175
poltrona,175
ogro,175
potro,175
candelabro,174
maca,173
ervilha,172
casamata,172
chita,172
twister,170
escriturário,168
pulga,168
pudim,168
sacola,168
rouxinol,167
forros,167
virginal,164
cigarra,164
obi,164
ripa,164
pálpebras,163
cobertor,162
relojoeiro,160
avental,160
saltador,158
trapaceiro,157
ukulele,156
kiwi,155
masmorra,155
bochecha,154
arenque,154
hiena,154
hamster,154
turbante,152
dory,151
xerez,151
tímpanos,150
piquete,149
inundar,149
ornitorrinco,149
limusine,148
víbora,147
tangerina,146
aquecedor,146
pimentas,145
boina,145
emu,144
orangotango,144
cuco,144
jóquei,143
mariachi,142
cós,142
albatroz,142
lixeira,142
corneta,142
berçário,141
alçapão,141
tesouras,141
bombear,141
sabonete,141
enguia,140
torneira,139
asno,138
peixinho,138
axila,137
polenta,136
ashram,136
despensa,136
texugo,136
tanga,136
borlas,135
toupeira,134
lustres,134
apontador,132
antecâmara,131
romã,131
perdiz,130
gorro,128
cítara,127
argyle,127
vendaval,126
bolacha,126
garanhão,126
trancar,125
mamilo,124
lhama,123
broche,122
sobrancelha,121
plantadores,121
rugas,121
poncho,121
camafeu,120
fáscia,120
megera,120
gatinho,119
conga,118
ocelot,118
quimono,118
treliça,118
pingente,118
recibo,117
mindinho,117
vivenda,116
rebocar,116
bijou,115
doninha,115
gongo,114
encanamento,114
chocalho,114
buggy,113
arrumação,113
gazela,113
brotar,112
enxada,112
bandana,111
cata,110
esturjão,110
gôndola,110
bronco,109
morsa,108
dobrável,108
picareta,107
furgão,107
codorna,106
guepardo,106
siamês,105
patinho,105
despejar,105
jasmim,105
decote,104
sinete,104
inverness,103
linguado,103
guaxinim,103
deslizando,103
carpa,102
babuíno,102
skunk,99
cupim,99
joaninha,99
sari,98
vitela,98
ascot,97
trapos,96
sitar,96
manopla,96
chesterfield,95
vira-lata,95
caqui,94
metrônomo,93
rodo,93
kilt,93
fel,93
balaclava,92
espaguete,91
astracã,91
esporas,91
trela,91
xampu,91
blazer,91
grenade,91
watteau,90
marimba,90
castrado,89
holofote,88
alcova,88
cozinhando,87
amieiro,87
netbook,86
xilofone,86
malhado,85
limpador,85
olmo,85
perfumado,84
libélula,84
corça,83
cotovia,81
couve-flor,80
claves,80
papoula,80
torrada,80
alpaca,79
escorregar,79
lêmure,79
crachá,77
pavimentou,76
bayou,75
barômetro,75
ticonderoga,74
loção,74
foie,74
picolé,74
epóxi,74
cuecas,74
lentilhas,73
espancar,72
panqueca,72
shofar,72
chinelos,71
baobá,71
cachecol,71
dobradiça,70
pijamas,69
garoupa,69
hidromassagem,68
casebre,68
chaise,68
embrulho,68
dromedário,67
dickey,67
evaporador,67
berinjela,66
sombrero,66
catamarã,65
roupão,64
abobrinha,64
velino,64
desodorante,63
luminária,63
secador,63
bugiganga,62
flops,62
mansarda,61
machadinha,61
estiletes,61
ferryboat,61
hostel,61
fivelas,60
sardas,60
fulvo,60
mousse,59
mocha,59
clarabóia,59
cômoda,59
miçangas,58
porco-espinho,58
banquinho,57
zarabatana,57
chaleira,57
maracás,57
bifes,57
toranja,57
iglu,56
jardineiras,56
corpete,55
viseira,55
vibrafone,54
faisão,54
escavadeira,53
gêiser,53
maçaneta,53
tornozeleira,53
smog,52
guardador,52
estude,51
coala,51
gengivas,51
grub,50
groselha,49
poleiro,49
termostato,49
mirtilo,48
amoras,48
fondue,47
castanholas,47
abridor,47
calcinhas,46
suéter,46
bangalô,45
dália,44
condicionador,44
pintinho,44
costeletas,43
prancheta,43
removedor,43
prendedor,43
congelador,43
tirolês,43
gila,42
tamancos,42
peônia,41
nessie,41
peiote,40
lagostim,40
cinzeiro,40
rabanete,40
caçarola,39
nádega,39
mantua,39
glicínia,38
descongelar,38
fadigas,38
fob,37
encaracolado,37
aguaceiro,37
zoot,36
desdobrável,36
cadarços,35
esteticista,35
collant,35
sebe,35
pónei,35
tangas,34
balalaica,34
flautim,34
tatami,33
apagador,33
suores,33
monóculo,32
boudoir,32
timbales,32
schnitzel,32
caddie,31
spandex,31
dínamos,31
bobó,30
glockenspiel,30
torniquete,30
xaile,30
tachas,29
adirondack,29
coldre,29
quadro-negro,28
artesiano,28
suspensórios,28
wombat,28
peixe-espada,28
clavier,27
gazebo,27
patê,26
banqueta,26
curio,26
bongos,26
raspador,25
cormorão,25
instrumentalista,24
prisao,24
pastinaca,24
esticam,24
bufê,24
penico,24
chippendale,23
kazoo,23
centopéia,23
chiar,23
polainas,22
ketch,22
viscose,22
oxicoco,22
címbalo,22
azáfama,22
dragster,21
encadernador,21
gargantilha,21
alho-poró,20
esfregão,20
hidrante,20
carraça,19
begônia,19
crinolina,19
framboesas,19
menorah,19
anágua,19
delineador,19
carriça,18
ravioli,18
tapume,18
bocejo,18
dulcimer,17
parka,17
empurradores,16
bandoleira,16
bifocais,16
nectarina,15
flugelhorn,14
bratwurst,14
yurt,13
pregueado,13
arrumador,13
